Total-videos,File,Created,Modified,Total-views,Total-likes,Total-comments,Total-video-length,Average-video-length,Videos-with-geolocation,Videos-with-recordingDate,Videos-with-tags,Videos-with-localizations,Videos-with-content-rating,Videos-with-region-restriction,Videos-with-comments-disabled,Videos-with-likes-disabled,Videos-with-views-disabled,Videos-considered-livestreams,Videos-creativeCommon,Videos-with-madeForKidstrue,criado-em,tema,titulo,contexto,created,updated,location,tagscanal,temacanal,monetized,tipo,vinteresse
125,03. Acervos/Acervo Conserva√ß√£o-Restaura√ß√£o/; 2023-03-08 - üó®Ô∏è MAS SP - Museu de Arte Sacra de S√£o Paulo.md,2023-03-08T09:34:52.014-03:00,2023-03-13T08:07:13.806-03:00,106934,6148,471,"2 dias, 2 horas, 6 minutos, 26 segundos",PT24M3S,2,3,80,3,0,1,0,0,0,18,0,1,2023-02-27T00:00:00.000-03:00,Canais com conteudo de Conserva√ß√£o-Restaura√ß√£o,MAS SP - Museu de Arte Sacra de S√£o Paulo,Pesquisa TCC p√≥s,2023-03-08 09:39,2023-03-13 08:07,"-23.5303179,-46.6312159","Museu de Arte Sacra,arte sacra,MAS,museu,museus,museu de arte sacra,Ricardo Van Steen,Exposi√ß√£o,exposi√ß√£o,encontro,Yoga no Jardim,Yoga Iniciante,Arte Sacra,semana nacional de museus,rede paulista","Institucional,Museu",false,#importante #canalinstitucional/publico,4
16,03. Acervos/Acervo Conserva√ß√£o-Restaura√ß√£o/; 2023-03-02 - üó®Ô∏è Rafael Albani.md,2023-03-02T18:57:16.347-03:00,2023-03-13T08:08:19.082-03:00,1762349,9199,731,"2 horas, 13 minutos, 48 segundos",PT8M21S,1,2,15,0,0,0,0,0,0,0,0,0,2023-02-27T00:00:00.000-03:00,Canais com conteudo de Conserva√ß√£o-Restaura√ß√£o,Rafael Albani,Pesquisa TCC p√≥s,2023-03-02 18:58,2023-03-13 08:08,"-29.3745686,-50.876435","de,Holy Mary,Catholic,Christ,Jesus,Christianity,Pope,Portugal,Maria,covid19,Ao Vivo,Mim,Niter√≥i,Forfun",Religi√£o,false,#canalreligi√£o,1
3,03. Acervos/Acervo Conserva√ß√£o-Restaura√ß√£o/; 2023-03-10 - üó®Ô∏è Eduardo Petrella.md,2023-03-10T16:45:20.248-03:00,2023-03-13T08:08:08.747-03:00,88,0,0,"6 minutos, 53 segundos",PT2M17S,0,0,1,0,0,0,0,0,0,0,0,0,2023-02-27T00:00:00.000-03:00,Canais com conteudo de Conserva√ß√£o-Restaura√ß√£o,Eduardo Petrella,Pesquisa TCC p√≥s,2023-03-10 16:46,2023-03-13 08:08,,"ciclista,bicicleta,reportagem",Jornalismo,false,#canaljornalismo,1
19979,03. Acervos/Acervo Conserva√ß√£o-Restaura√ß√£o/; 2023-03-07 - üó®Ô∏è TV Brasil.md,2023-03-07T15:19:33.319-03:00,2023-03-13T08:07:23.958-03:00,26189336,750688,30928,"2 meses, 1 semana, 4 dias, 10 horas, 15 minutos, 37 segundos",PT5M13S,0,0,19907,19727,15,11,6677,0,0,2139,0,10,2023-02-27T00:00:00.000-03:00,Canais com conteudo de Conserva√ß√£o-Restaura√ß√£o,TV Brasil,Pesquisa TCC p√≥s,2023-03-07 15:20,2023-03-13 08:07,,"TV Brasil,EBC,TV P√∫blica,elei√ß√µes 2022,previs√£o do tempo,covid-19,not√≠cias,pol√≠tica,economia,sa√∫de,cotidiano,esporte,telejornal,Rep√≥rter Rio,informa√ß√£o",Jornalismo,false,#canaljornalismo,12
19931,03. Acervos/Acervo Conserva√ß√£o-Restaura√ß√£o/; 2023-03-06 - üó®Ô∏è TV Correio.md,2023-03-06T15:50:33.218-03:00,2023-03-13T08:08:03.435-03:00,4212737,9626,6142,"2 meses, 1 semana, 6 dias, 12 horas, 8 minutos, 41 segundos",PT5M22S,0,27,19926,1,34,40,24,19908,0,166,3,140,2023-02-27T00:00:00.000-03:00,Canais com conteudo de Conserva√ß√£o-Restaura√ß√£o,TV Correio,Pesquisa TCC p√≥s,2023-03-06 15:51,2023-03-13 08:08,"Para√≠ba,Jo√£o Pessoa,Campina Grande","TV Correio,Para√≠ba,Jo√£o Pessoa,Afiliada Record,SomosComoVoc√™,Programa,Not√≠cias,TV,Fatos policiais,Entrevistas,Televis√£o,Campina Grande,Fatos pol√≠ticos,Correio Debate,Hermes de Luna",Jornalismo,true,#canaljornalismo,1
18511,03. Acervos/Acervo Conserva√ß√£o-Restaura√ß√£o/; 2023-03-02 - üó®Ô∏è William Amorim.md,2023-03-02T16:51:52.537-03:00,2023-03-13T08:07:17.899-03:00,18928595,419909,31496,"1 m√™s, 2 semanas, 5 dias, 23 horas, 57 minutos, 38 segundos",PT3M58S,0,0,95,12366,14,1,60,0,0,3,0,4,2023-02-27T00:00:00.000-03:00,Canais com conteudo de Conserva√ß√£o-Restaura√ß√£o,William Amorim,Pesquisa TCC p√≥s,2023-03-02 16:53,2023-03-13 08:07,Maranh√£o,"Gospel,gospel,M√∫sica gospel,Jornal do Maranh√£o,Betel,Maranh√£o,Not√≠cias do Maranh√£o,S√£o Lu√≠s,igreja,Estado do Maranh√£o,Louvor,Igreja,Ma news,News ma,Festa da igreja",Jornalismo,false,#canaljornalismo,4
9167,03. Acervos/Acervo Conserva√ß√£o-Restaura√ß√£o/; 2023-03-08 - üó®Ô∏è Superior Tribunal de Justi√ßa (STJ).md,2023-03-08T19:16:18.086-03:00,2023-03-13T08:06:25.959-03:00,11107283,242966,7137,"5 meses, 3 semanas, 5 dias, 6 horas, 13 minutos, 10 segundos",PT28M9S,0,8,8957,1404,0,10,412,1,13,1204,6987,2,2023-02-27T00:00:00.000-03:00,Canais com conteudo de Conserva√ß√£o-Restaura√ß√£o,Superior Tribunal de Justi√ßa (STJ),Pesquisa TCC p√≥s,2023-03-08 19:17,2023-03-13 08:06,,"stj,direito,tribunal,superior,justi√ßa,lei,cidadania,judici√°rio,de,jurisprud√™ncia,brasil,TV Justi√ßa,Jornal da Justi√ßa,tv justi√ßa,cidad√£o",Institucional,false,#canalinstitucional/publico,1
954,03. Acervos/Acervo Conserva√ß√£o-Restaura√ß√£o/; 2023-03-10 - üó®Ô∏è Ag√™ncia FAPESP.md,2023-03-10T16:25:50.744-03:00,2023-03-13T08:07:13.118-03:00,3875666,107156,3503,"3 semanas, 4 horas, 40 minutos, 48 segundos",PT31M59S,0,0,630,3,1,0,5,0,0,372,0,3,2023-02-27T00:00:00.000-03:00,Canais com conteudo de Conserva√ß√£o-Restaura√ß√£o,Ag√™ncia FAPESP,Pesquisa TCC p√≥s,2023-03-10 16:26,2023-03-13 08:07,,"FAPESP,pesquisa,fapesp,USP,coronav√≠rus,Funda√ß√£o de Amparo √† Pesquisa do Estado de S√£o Paulo,usp,ci√™ncia,vacina,s√£o paulo,coronavac,butantan,vacinasim,paulo artaxo,artaxo",Institucional,false,#canalinstitucional/publico,1
937,03. Acervos/Acervo Conserva√ß√£o-Restaura√ß√£o/; 2023-03-08 - üó®Ô∏è Funda√ß√£o Joaquim Nabuco.md,2023-03-08T13:09:42.973-03:00,2023-03-13T08:06:25.713-03:00,454047,20427,1139,"2 semanas, 6 dias, 7 horas, 9 minutos, 18 segundos",PT31M11S,14,13,124,671,1,12,24,11,0,300,0,50,2023-02-27T00:00:00.000-03:00,Canais com conteudo de Conserva√ß√£o-Restaura√ß√£o,Funda√ß√£o Joaquim Nabuco,Pesquisa TCC p√≥s,2023-03-08 13:10,2023-03-13 08:06,"-8.0307569,-34.9250773","Fundaj,Funda√ß√£o Joaquim Nabuco,fundaj,Muhne,Museu,Gilberto Freyre,Semin√°rio,hangoutsonair,Hangouts On Air,hoa,Museu do Homem do Nordeste,Jo√£o Cabral de Melo Neto,Casa-Grande Severina,funda√ß√£o Joaquim Nabuco,funda√ß√£o joaquim nabuco",Institucional,false,#canalinstitucional/publico,7
18192,03. Acervos/Acervo Conserva√ß√£o-Restaura√ß√£o/; 2023-03-09 - üó®Ô∏è C√¢mara dos Deputados.md,2023-03-09T16:21:47.008-03:00,2023-03-13T08:06:22.096-03:00,72616254,2128136,258971,"1 ano, 11 meses, 1 dia, 8 horas, 48 minutos, 45 segundos",PT55M35S,5,12,18149,14464,2,14,4,0,0,10356,0,4,2023-02-27T00:00:00.000-03:00,Canais com conteudo de Conserva√ß√£o-Restaura√ß√£o,C√¢mara dos Deputados,Pesquisa TCC p√≥s,2023-03-09 16:23,2023-03-13 08:06,,"c√¢mara dos deputados,deputados federais,congresso nacional,camara federal,C√¢mara dos deputados,Pol√≠tica,pandemia,coronavirus,covid-19,covid,r√°dio c√¢mara,ao vivo,democracia,plen√°rio,vota√ß√µes",Institucional,false,#canalinstitucional/publico,12